backend,model_name,dtype,batch_size,prompt_tokens,generated_tokens,prefill_ms,decode_ms,total_generate_ms,decode_tokens_per_sec,end_to_end_tokens_per_sec,generated_tok_s_per_gpu,total_processed_tok_s_per_gpu,max_gpu_mem_gb,source_json
trtllm,Qwen/Qwen2.5-7B-Instruct,bf16,16,1024,128,74.77099997997284,1788.539599943161,1832.9637554008514,1145.0691356302248,1117.317390081801,1117.317390081801,10055.845319194052,35.203125,trtllm_qwen2.5-7b-instruct_bf16_bs16_prompt1024_gen128.json
trtllm,Qwen/Qwen2.5-7B-Instruct,bf16,1,1024,128,28.410999965667724,1583.1201999664306,1615.276417369023,80.85298937137898,79.24341750942801,79.24341750942801,713.1906264541323,35.12890625,trtllm_qwen2.5-7b-instruct_bf16_bs1_prompt1024_gen128.json
trtllm,Qwen/Qwen2.5-7B-Instruct,bf16,1,128,128,28.44139997959137,1583.6839999914168,1615.272395615466,80.8242051062768,79.24360564761389,79.24360564761389,158.48720048388898,35.0078125,trtllm_qwen2.5-7b-instruct_bf16_bs1_prompt128_gen128.json
trtllm,Qwen/Qwen2.5-7B-Instruct,bf16,1,16384,128,30.175200009346007,1679.7417999505997,1722.276773210615,76.20219069405114,74.32023057317345,74.32023057317345,9587.309227435519,36.130859375,trtllm_qwen2.5-7b-instruct_bf16_bs1_prompt16384_gen128.json
trtllm,Qwen/Qwen2.5-7B-Instruct,bf16,1,4096,128,28.54940001964569,1590.9077999353408,1624.82758697588,80.457208762689,78.77759332947008,78.77759332947008,2599.660440195803,35.55859375,trtllm_qwen2.5-7b-instruct_bf16_bs1_prompt4096_gen128.json
trtllm,Qwen/Qwen2.5-7B-Instruct,bf16,2,1024,128,58.0595999956131,1577.4856000185014,1610.260811378248,162.2836153651568,158.98067185903994,158.98067185903994,1430.824114776767,35.203125,trtllm_qwen2.5-7b-instruct_bf16_bs2_prompt1024_gen128.json
trtllm,Qwen/Qwen2.5-7B-Instruct,bf16,4,1024,128,61.5208000421524,1628.31799993515,1662.8910343861207,314.4349688062576,307.89758405232186,307.89758405232186,2771.077541891437,35.208984375,trtllm_qwen2.5-7b-instruct_bf16_bs4_prompt1024_gen128.json
trtllm,Qwen/Qwen2.5-7B-Instruct,bf16,8,1024,128,65.5813999414444,1682.871199941635,1721.7117891879752,608.4839671928097,594.7570441319267,594.7570441319267,5352.8122754776605,35.208984375,trtllm_qwen2.5-7b-instruct_bf16_bs8_prompt1024_gen128.json
